Train/Steps,Loss/Loss_critic,Loss/Loss_actor,Loss/Loss_alpha,Loss/Loss_mico,SAC/Alpha,SAC/LogPi_mean,SAC/Q1_mean,SAC/Q2_mean,MICo/Online_dist,MICo/Target_dist,MICo/Norm_term,MICo/Angle_term,MICo/Rep_sq_norm,MICo/Grad_ratio,Norm/actor_model,Norm/critic_model,Norm/state_encoder_model,Norm/actor_head_model,Eval/Return
136192,0.00020145138842053711,-7.296436309814453,0.035676129162311554,0.0017064809799194336,0.001597400987520814,-11.724043846130371,7.271478652954102,7.273102760314941,13.200414657592773,13.197616577148438,13.159236907958984,0.041178517043590546,13.159235954284668,0.04863252490758896,25.513393,45.54316,12.954233,11.282924,2.8667235374450684
264192,0.0023315667640417814,-5.678703308105469,0.0012277484638616443,0.005851434543728828,0.0006079497397877276,8.428643226623535,5.631137847900391,5.6338300704956055,8.697612762451172,8.699409484863281,8.646060943603516,0.051551468670368195,8.646061897277832,0.014069264754652977,42.9953,49.37106,20.224422,21.238276,2.5931005477905273
392192,0.008337161503732204,-5.6574201583862305,0.0005446455907076597,0.011881411075592041,0.0007979547954164445,9.84544563293457,5.587658405303955,5.590690612792969,5.934477806091309,5.916829586029053,5.855352401733398,0.07912646234035492,5.85535192489624,0.006169587839394808,56.564835,58.664234,27.118353,28.559479,1.6939218044281006
520192,0.01858411356806755,-6.5723042488098145,0.0013566589914262295,0.011640379205346107,0.0018018546979874372,9.971609115600586,6.453348159790039,6.454451560974121,4.550137519836426,4.5371198654174805,4.454776287078857,0.09536099433898926,4.454776287078857,0.0038671025540679693,64.8787,67.42545,32.20596,33.458015,3.4961647987365723
648192,0.014030056074261665,-7.091726303100586,-0.0024967039935290813,0.010426981374621391,0.0009303333354182541,13.536974906921387,7.010530471801758,7.019895553588867,3.5879335403442383,3.5757908821105957,3.4920434951782227,0.09589041769504547,3.4920432567596436,0.002775168279185891,70.3696,74.15309,35.776833,36.010914,5.8967108726501465
776192,0.009219241328537464,-7.315274238586426,0.000591236341279,0.01035255752503872,0.0010148742003366351,9.803658485412598,7.242639541625977,7.238886833190918,3.1067910194396973,3.1192939281463623,2.999596118927002,0.10719478130340576,2.999596118927002,0.0037492169067263603,74.76099,80.513756,39.28756,39.550243,15.05898380279541
904192,0.007844430394470692,-6.881924629211426,0.0014186601620167494,0.010493822395801544,0.001027387217618525,9.03110122680664,6.8183183670043945,6.817503929138184,2.8641879558563232,2.869828701019287,2.7511916160583496,0.11299627274274826,2.7511916160583496,0.003973017912358046,78.82426,86.68698,42.647903,42.58943,58.40537643432617
1032192,0.009153623133897781,-6.767417907714844,-0.0011640432057902217,0.017552819103002548,0.0010423775529488921,11.871206283569336,6.6946001052856445,6.69356107711792,2.967191696166992,2.9472055435180664,2.845850944519043,0.12134037166833878,2.845851421356201,0.008612845093011856,82.98039,92.35942,45.52899,45.131836,34.03446960449219
1160192,0.009672161191701889,-6.735659122467041,-4.467729013413191e-05,0.02372187003493309,0.0010400634491816163,10.460456848144531,6.673384666442871,6.677897930145264,3.2304444313049316,3.2357187271118164,3.100964307785034,0.12947997450828552,3.100964307785034,0.006835146341472864,86.79694,97.72181,48.05381,47.45244,28.409650802612305
1288192,0.008371660485863686,-6.883551120758057,0.0010273614898324013,0.02020055055618286,0.001104770228266716,9.661483764648438,6.826274871826172,6.826836109161377,3.5502841472625732,3.5488381385803223,3.4166111946105957,0.13367292284965515,3.4166111946105957,0.0095326267182827,90.45567,102.733734,50.388996,49.499306,74.49234008789062
1416192,0.007531685754656792,-7.085986137390137,0.00013620383106172085,0.025460712611675262,0.0010701797436922789,10.586947441101074,7.025565147399902,7.023077964782715,3.9297173023223877,3.9332704544067383,3.792971611022949,0.13674545288085938,3.792971611022949,0.011334397830069065,94.02691,107.800575,52.64365,51.273903,97.81825256347656
1544192,0.009994996711611748,-7.483196258544922,0.0008169375942088664,0.02178233116865158,0.0010878872126340866,9.574376106262207,7.427035331726074,7.427072525024414,4.526850700378418,4.497376441955566,4.386114120483398,0.14073681831359863,4.386114120483398,0.010461687110364437,97.48154,112.64456,54.76545,52.867813,102.18325805664062
1672192,0.010156533680856228,-7.842244625091553,-0.0004219682596158236,0.023861795663833618,0.0012296666391193867,10.929574966430664,7.776668548583984,7.781346797943115,5.000119209289551,5.029180526733398,4.857743263244629,0.14237582683563232,4.857743263244629,0.009044543839991093,100.655815,117.3157,56.758595,54.39663,93.32086181640625
1800192,0.01241054106503725,-8.532756805419922,-0.0002855288330465555,0.026155928149819374,0.0013064361410215497,10.192495346069336,8.475082397460938,8.471370697021484,5.649106502532959,5.6642303466796875,5.5075225830078125,0.14158307015895844,5.507523059844971,0.007879914715886116,103.7803,121.883675,58.721165,55.826664,119.32935333251953
1928192,0.009452774189412594,-8.93558120727539,0.0007603431586176157,0.02667834237217903,0.0012792762136086822,10.039875030517578,8.882168769836426,8.874129295349121,6.109926223754883,6.1083221435546875,5.966714859008789,0.1432114541530609,5.966714859008789,0.00848283339291811,106.51078,126.095535,60.533947,57.125668,121.52031707763672
2056192,0.013509866781532764,-9.587642669677734,0.0010076489998027682,0.029691072180867195,0.00130372098647058,9.772340774536133,9.53569221496582,9.53118896484375,6.664359092712402,6.676738739013672,6.522345542907715,0.14201347529888153,6.522345542907715,0.009046859107911587,109.0477,130.18861,62.308975,58.34986,134.04054260253906
2184192,0.011389177292585373,-10.229574203491211,-0.0006456853589043021,0.027047818526625633,0.001313890446908772,10.612604141235352,10.164684295654297,10.167089462280273,7.287435054779053,7.2708282470703125,7.144986629486084,0.1424485594034195,7.144987106323242,0.01046755164861679,111.62113,134.22905,64.03502,59.59498,138.84356689453125
2312192,0.013568194583058357,-11.014070510864258,-0.001434092759154737,0.02596854418516159,0.0014060328248888254,10.878671646118164,10.950414657592773,10.953397750854492,7.870693206787109,7.868040084838867,7.728841781616211,0.14185139536857605,7.728841781616211,0.005488025490194559,114.12625,138.21216,65.746056,60.77347,159.71441650390625
2440192,0.017383765429258347,-11.516080856323242,-0.00032077450305223465,0.022176597267389297,0.0014253435656428337,10.909627914428711,11.447372436523438,11.44235610961914,8.128731727600098,8.134449005126953,7.987363815307617,0.14136812090873718,7.987363338470459,0.003975372761487961,116.333565,142.0094,67.43633,62.0071,160.4967498779297
2568192,0.013530259020626545,-12.330570220947266,0.0003517440054565668,0.025590060278773308,0.001474575255997479,10.316178321838379,12.262212753295898,12.26194953918457,8.590351104736328,8.581993103027344,8.45079517364502,0.13955625891685486,8.45079517364502,0.005079273600131273,118.59537,145.80646,69.082886,63.20549,171.61227416992188
2696192,0.01795491948723793,-13.126361846923828,0.001446163048967719,0.023405935615301132,0.001520056976005435,9.587471008300781,13.061314582824707,13.056092262268066,8.907989501953125,8.912328720092773,8.768264770507812,0.13972516357898712,8.768264770507812,0.003703527385368943,120.78444,149.41722,70.691086,64.28834,156.62615966796875
2824192,0.01776231825351715,-13.590569496154785,0.00020480965031310916,0.022091275081038475,0.0014885887503623962,10.563342094421387,13.521538734436035,13.532793045043945,9.027775764465332,9.020980834960938,8.88812255859375,0.13965252041816711,8.88812255859375,0.0035318604204803705,123.04879,153.06575,72.343414,65.39409,173.07374572753906
2952192,0.025686070322990417,-14.1632080078125,0.00042258144821971655,0.022198539227247238,0.0014989252667874098,10.386021614074707,14.097503662109375,14.09870719909668,9.266219139099121,9.251152038574219,9.12800121307373,0.13821768760681152,9.128002166748047,0.003292960813269019,125.43604,156.64615,73.94234,66.48948,187.4702606201172
3080192,0.025151031091809273,-14.74388313293457,-0.0011806299444288015,0.021190527826547623,0.0014458440709859133,11.035813331604004,14.676130294799805,14.672215461730957,9.491092681884766,9.489866256713867,9.353967666625977,0.13712522387504578,9.353967666625977,0.0019593003671616316,127.37605,160.13686,75.52439,67.571266,198.04794311523438
3208192,0.02059764415025711,-15.271358489990234,0.0012674478348344564,0.019688567146658897,0.001375481951981783,9.300119400024414,15.207077026367188,15.188323974609375,9.69865608215332,9.69082260131836,9.562456130981445,0.1362001597881317,9.562457084655762,0.0035087133292108774,129.34938,163.53358,77.05649,68.63846,194.9628143310547
3336192,0.017629973590373993,-15.60692024230957,0.0006489906227216125,0.020440133288502693,0.0014033574843779206,10.283132553100586,15.547348022460938,15.540583610534668,9.734272003173828,9.735383987426758,9.598155975341797,0.1361171305179596,9.598155975341797,0.0035078537184745073,131.25832,166.95464,78.62513,69.7047,147.67283630371094
3464192,0.02001142129302025,-16.029327392578125,0.0015037672128528357,0.01977197825908661,0.0014219725271686912,9.369806289672852,15.956523895263672,15.966758728027344,9.870616912841797,9.874619483947754,9.734651565551758,0.13596472144126892,9.734651565551758,0.0025649394374340773,132.9805,170.34564,80.1258,70.80281,185.1160125732422
3592192,0.023591753095388412,-16.531253814697266,0.0003360537230037153,0.01977451518177986,0.001393654732964933,10.056680679321289,16.46683692932129,16.471683502197266,9.994388580322266,10.019739151000977,9.860445022583008,0.13394364714622498,9.860445022583008,0.005485392641276121,134.71864,173.68512,81.59732,71.828674,198.81170654296875
3720192,0.01583145745098591,-16.71196746826172,-0.0005232152179814875,0.018050674349069595,0.001392747275531292,10.575782775878906,16.64234733581543,16.646686553955078,10.116329193115234,10.103340148925781,9.981069564819336,0.1352597177028656,9.981069564819336,0.0052392855286598206,136.28246,176.95181,83.10263,72.97843,177.78244018554688
3848192,0.022622667253017426,-17.11646270751953,-0.0011941419215872884,0.019644593819975853,0.0014157277764752507,11.410604476928711,17.050355911254883,17.042659759521484,10.193183898925781,10.183197021484375,10.059686660766602,0.1334962248802185,10.059687614440918,0.0031160598155111074,137.91263,180.17224,84.52663,74.040504,214.1157684326172
3976192,0.022200843319296837,-17.403573989868164,0.0007567283464595675,0.02264082059264183,0.001425320515409112,10.10196590423584,17.338134765625,17.33806800842285,10.297975540161133,10.263301849365234,10.163738250732422,0.13423654437065125,10.163738250732422,0.009173120371997356,139.39743,183.39915,86.00187,75.11254,197.48388671875
4104192,0.01840147189795971,-18.025821685791016,-0.0001304440083913505,0.018912423402071,0.0013594110496342182,10.29906177520752,17.965293884277344,17.963462829589844,10.339780807495117,10.322704315185547,10.2106351852417,0.12914499640464783,10.2106351852417,0.00580486748367548,140.90938,186.6008,87.468285,76.16368,208.76063537597656
4232192,0.0231429785490036,-18.128257751464844,-0.0009170369594357908,0.02264271304011345,0.0014207065105438232,10.985374450683594,18.067415237426758,18.050086975097656,10.329154014587402,10.321146965026855,10.198671340942383,0.13048169016838074,10.198671340942383,0.0033810785971581936,142.3077,189.78984,88.8909,77.29257,226.8115997314453
4360192,0.024241242557764053,-18.60753631591797,-0.00037398916902020574,0.021590907126665115,0.0013764386530965567,10.804728507995605,18.54901123046875,18.551345825195312,10.369159698486328,10.355958938598633,10.238529205322266,0.1306302696466446,10.238529205322266,0.004214039538055658,143.69862,192.88734,90.26758,78.23986,189.62648010253906
4488192,0.020236248150467873,-19.22357940673828,-0.0005149012431502342,0.02205495350062847,0.001422070199623704,10.968429565429688,19.169193267822266,19.165206909179688,10.216835021972656,10.188806533813477,10.091144561767578,0.12569081783294678,10.091143608093262,0.008374753408133984,145.02313,195.9599,91.640236,79.12908,218.2327880859375
4616192,0.02298196591436863,-19.647964477539062,0.0012608024990186095,0.020998705178499222,0.0014173806412145495,9.744396209716797,19.599510192871094,19.588470458984375,10.019477844238281,10.011248588562012,9.896446228027344,0.1230313777923584,9.896446228027344,0.004053676966577768,146.26903,199.07426,92.98944,80.07562,235.3860626220703
4744192,0.02602098509669304,-19.78705406188965,0.00022953606094233692,0.023864611983299255,0.0014312327839434147,10.717002868652344,19.7395076751709,19.733924865722656,10.108139038085938,10.075703620910645,9.982536315917969,0.12560293078422546,9.982536315917969,0.008844791911542416,147.50981,202.09587,94.34145,80.960396,233.5004119873047
4872192,0.021947050467133522,-20.341310501098633,0.00041401907219551504,0.026743512600660324,0.0014723417116329074,9.888362884521484,20.28399658203125,20.292224884033203,10.017560958862305,9.976884841918945,9.892118453979492,0.12544097006320953,9.892119407653809,0.009529085829854012,148.60352,205.05112,95.61818,81.78611,222.62525939941406
5000192,0.03516430780291557,-20.83156394958496,0.00039395890780724585,0.027117950841784477,0.0014440636150538921,10.192695617675781,20.784645080566406,20.777875900268555,9.629316329956055,9.639007568359375,9.50820541381836,0.12111056596040726,9.50820541381836,0.001974104903638363,149.63463,207.98503,96.87836,82.633766,248.52337646484375
