Train/Steps,Loss/Loss_critic,Loss/Loss_actor,Loss/Loss_alpha,Loss/Loss_state_action_metric,Loss/Loss_state_metric,Loss/Loss_state_action_to_state,Loss/Act_rep_loss,SAC/Alpha,SAC/LogPi_mean,SAC/Q1_mean,SAC/Q2_mean,Norm/actor_model,Norm/critic_model,Norm/state_action_metric_model,Norm/state_metric_model,Norm/state_action_state_metric_model,Metric/self_state_distance,Metric/cross_state_distance,Metric/self_state_action_distance,Metric/cross_state_action_distance,Metric/avg_self_state_asymmetry,Metric/avg_cross_state_asymmetry,Metric/avg_self_sa_asymmetry,Metric/avg_cross_sa_asymmetry,Metric/self_state_action_to_state_distance,Metric/cross_state_action_to_state_distance,Metric/h_lambda_diff_self,Metric/h_lambda_diff_cross,Eval/Return
136192,1.856343388557434,-49.637916564941406,0.0061957696452736855,0.005838286131620407,0.0012891223886981606,0.00045742912334389985,7.676636596443132e-05,0.057045742869377136,0.9632261991500854,49.388084411621094,49.34236145019531,58.969616,86.04178,29.878052,31.15471,31.02022,0.0034649050794541836,1.0399620532989502,0.003173278411850333,1.0472848415374756,0.0,0.003735209349542856,0.0,0.003198642749339342,0.017091304063796997,1.0436432361602783,0.015361515805125237,0.011404452845454216,881.5703125
264192,0.8306726217269897,-78.0530776977539,-0.002866388764232397,0.004190596751868725,0.0014514594804495573,9.20613674679771e-05,0.011667515151202679,0.03830748423933983,0.9613581895828247,77.97042083740234,77.78268432617188,73.595055,107.24073,31.749117,32.387493,33.127296,0.0018239791970700026,1.011526107788086,0.004634764511138201,0.9988064169883728,0.0,0.007808525115251541,0.0,0.004626731853932142,0.004534109495580196,0.9960840940475464,0.005627207458019257,0.006999080069363117,942.9453125
392192,0.7685548067092896,-88.4287109375,-0.001058576861396432,0.0038763065822422504,0.0010615935316309333,0.0001167844602605328,0.03519893065094948,0.027357177808880806,0.9106155633926392,88.21881866455078,88.46658325195312,83.88176,117.32199,33.93232,34.600178,36.166363,0.0018855740781873465,0.9852015972137451,0.012788988649845123,0.9753456115722656,0.0,0.0034007392823696136,0.0,0.0050077782943844795,0.0035216673277318478,0.9739583730697632,0.01454854290932417,0.007192348130047321,975.0625
520192,0.6329359412193298,-94.22293853759766,0.003179666120558977,0.0026640845462679863,0.0014890349702909589,8.016933861654252e-05,0.041859909892082214,0.019554998725652695,0.8519835472106934,94.08567810058594,94.136962890625,92.72711,124.176796,36.65835,37.583008,39.369286,0.016796410083770752,0.9688779711723328,0.0035363135393708944,0.9500240087509155,0.0,0.007273428607732058,0.0,0.002789963036775589,0.007058095186948776,0.9460670948028564,0.00826176442205906,0.005881664343178272,978.703125
648192,0.37076860666275024,-94.89479064941406,0.003847494488582015,0.004281603265553713,0.0019483864307403564,3.5920937079936266e-05,0.04894401878118515,0.015715697780251503,0.6791912317276001,94.86170959472656,94.85597229003906,100.3465,130.14494,39.29958,39.93912,42.279602,0.0025496305897831917,0.9562334418296814,0.0017245938070118427,0.9444220066070557,0.0,0.0018706952687352896,0.0,0.002197595313191414,0.0027483170852065086,0.9432317018508911,0.0030628310050815344,0.0039847902953624725,973.2109375
776192,0.35528916120529175,-95.23685455322266,-0.0022561103105545044,0.004632053896784782,0.002075339900329709,2.13557286770083e-05,0.052090756595134735,0.014328128658235073,1.1043617725372314,95.20660400390625,95.2083740234375,107.055046,135.04276,41.56149,42.406853,44.71541,0.0014253681292757392,0.9493235945701599,0.00010292528168065473,0.9388056993484497,0.0,0.0016827578656375408,0.0,0.002209789352491498,0.001188616268336773,0.9402470588684082,0.0010988061549142003,0.0032752882689237595,976.734375
904192,0.2815636396408081,-96.26629638671875,-1.8149512470699847e-05,0.0040811821818351746,0.0012895821128040552,4.532253660727292e-05,0.05233895033597946,0.011715739034116268,0.981855571269989,96.23670196533203,96.27059936523438,113.131226,139.6161,44.04858,44.816334,47.655834,0.0014029501471668482,0.9547837972640991,0.0005761664360761642,0.9439946413040161,0.0,0.0019820916932076216,0.0,0.002434294205158949,0.001126913819462061,0.9431031942367554,0.0011239482555538416,0.0036147725768387318,981.6328125
1032192,0.2578592598438263,-95.89617156982422,-0.00046165165258571506,0.0025114950258284807,0.0010706125758588314,8.752480061957613e-05,0.04358085244894028,0.011117550544440746,1.0467842817306519,95.89100646972656,95.86711120605469,118.64051,144.12733,46.42899,47.750294,50.334534,0.0012820599367842078,0.9649470448493958,0.0009860785212367773,0.9492197036743164,0.0,0.0025745686143636703,0.0,0.0019079959020018578,0.0009974356507882476,0.9473822116851807,0.001408423064276576,0.0045428043231368065,951.3046875
1160192,0.22592350840568542,-96.78471374511719,-0.0007302663289010525,0.0025074894074350595,0.0012990005780011415,4.677486140280962e-05,0.054824016988277435,0.009800117462873459,1.185956597328186,96.75688171386719,96.70864868164062,123.51366,148.48901,48.4495,49.248413,52.254738,0.0004628936876542866,0.9498950242996216,0.0007802268955856562,0.938428521156311,0.0,0.0015538031002506614,0.0,0.0015369236934930086,0.00086855364497751,0.9390413761138916,0.0010605507995933294,0.003016028320416808,979.2421875
1288192,0.1790141761302948,-97.12910461425781,-0.001840731711126864,0.0025437602307647467,0.001204954693093896,1.8658734916243702e-05,0.0542851984500885,0.008364671841263771,1.2612407207489014,97.15853881835938,97.13539123535156,128.40468,152.78027,50.605507,50.99741,53.864338,0.001537688891403377,0.9488995671272278,0.000591604970395565,0.9350466728210449,0.0,0.0021482298616319895,0.0,0.0014602558221668005,0.0027375570498406887,0.9343205094337463,0.0029340190812945366,0.002678833669051528,970.015625
1416192,0.13675081729888916,-97.21083068847656,-0.0022032142151147127,0.002618492115288973,0.0013320238795131445,1.2692173186223954e-05,0.05714854225516319,0.007602042984217405,1.2374436855316162,97.31489562988281,97.10643005371094,133.0797,156.76158,52.854576,52.645004,55.41195,0.0008351430296897888,0.9461615085601807,0.0007387283258140087,0.933334469795227,0.0,0.0015996001893654466,0.0,0.0012677529593929648,0.0005524962907657027,0.9339831471443176,0.0007675093947909772,0.002376238815486431,957.7421875
1544192,0.44188162684440613,-97.63917541503906,0.00023656158009544015,0.002294533886015415,0.0013547285925596952,2.7233672881266102e-05,0.06051220744848251,0.0076472642831504345,0.9793943166732788,97.61674499511719,97.66422271728516,137.51022,160.71948,54.34789,53.919216,56.93197,0.000195330532733351,0.9404022693634033,0.0004519847279880196,0.9272043704986572,0.0,0.001008066232316196,0.0,0.001345382770523429,0.0002645027416292578,0.9258702397346497,0.0005272665293887258,0.002993218367919326,965.265625
1672192,0.13120466470718384,-97.65835571289062,-0.0005100001581013203,0.0026928929146379232,0.0013691965723410249,1.0860857400984969e-05,0.061029937118291855,0.006723260972648859,1.1190608739852905,97.72528076171875,97.63166046142578,141.84012,164.54207,56.071686,55.907986,58.073048,0.00023235932167153805,0.9399704933166504,0.00041266545304097235,0.9288709163665771,0.0,0.0009718980873003602,0.0,0.0012150940019637346,0.00010145499254576862,0.9280300140380859,0.00034681305987760425,0.0021380381658673286,979.1875
1800192,0.21514007449150085,-97.76757049560547,-0.0003069055383093655,0.0027174707502126694,0.001410405384376645,1.2682637134275865e-05,0.06160161271691322,0.006328294053673744,1.0848814249038696,97.77487182617188,97.75716400146484,145.97754,168.36954,58.239635,56.93973,59.0538,0.0006360028637573123,0.9394316673278809,0.00044147405424155295,0.9249297976493835,0.0,0.001411448116414249,0.0,0.0011028299340978265,0.000538701075129211,0.9244271516799927,0.0007823556079529226,0.0021776065696030855,973.671875
1928192,0.11042578518390656,-98.11231994628906,-0.0010136867640540004,0.0028115916065871716,0.0014331600395962596,2.1566975192399696e-05,0.06437372416257858,0.006479749456048012,1.1336368322372437,98.0644760131836,98.15227508544922,149.95145,171.85913,59.709225,57.766155,60.12815,0.0027269800193607807,0.933903694152832,0.0006808665348216891,0.9214708209037781,0.0,0.0013566355919465423,0.0,0.0009654889581725001,0.00033531509689055383,0.9201090335845947,0.000708172912709415,0.002546742558479309,971.6328125
2056192,0.125296488404274,-98.77578735351562,-9.877474803943187e-05,0.002432518871501088,0.0014004333643242717,8.087918104138225e-06,0.06457433104515076,0.006339203100651503,1.005846381187439,98.785888671875,98.81991577148438,153.68544,175.28062,61.31764,58.67825,60.758167,0.00047501715016551316,0.931817889213562,0.0011111428029835224,0.9173027276992798,0.0,0.0015924109611660242,0.0,0.0009388799080625176,0.0002805700059980154,0.9158658981323242,0.001191727933473885,0.0021758917719125748,925.59375
2184192,0.10953786224126816,-98.27542114257812,-0.00011814554454758763,0.0029717194847762585,0.001424827380105853,8.576534128224012e-06,0.06634262949228287,0.006607490591704845,1.1463838815689087,98.32269287109375,98.2208023071289,157.28836,178.56139,63.074688,59.69255,61.196766,0.0027937674894928932,0.9298028349876404,0.0006778072565793991,0.9178253412246704,0.0,0.0008033314952626824,0.0,0.0010374176781624556,0.00030588789377361536,0.9179603457450867,0.0007639043033123016,0.0018057135166600347,959.390625
2312192,0.10850368440151215,-99.01506042480469,0.00031807611230760813,0.002870607189834118,0.0014127879403531551,9.457051419303752e-06,0.06581923365592957,0.0057030925527215,0.8441246151924133,99.03688049316406,99.02921295166016,160.60268,181.83568,65.25052,60.65713,61.891075,0.00016217119991779327,0.929853081703186,0.00029638290288858116,0.9133260250091553,0.0,0.0008195475675165653,0.0,0.0007614882197231054,0.0007356947171501815,0.9142526388168335,0.0009298562072217464,0.0016715052770450711,926.7265625
2440192,0.09310896694660187,-98.23152923583984,-0.0024304541293531656,0.0024714216124266386,0.0014432227471843362,3.785996523220092e-05,0.05801260471343994,0.005774425808340311,1.4376335144042969,98.21438598632812,98.185546875,163.7993,184.9838,67.67836,61.97527,62.683178,0.0007790961535647511,0.9426515102386475,0.0051148273050785065,0.9219567775726318,0.0,0.00220675440505147,0.0,0.0009396474342793226,0.0008502792334184051,0.9234340190887451,0.0051316674798727036,0.0024596047587692738,933.609375
2568192,0.125632181763649,-98.91852569580078,0.00032548687886446714,0.0020854484755545855,0.0014153390657156706,9.32492457650369e-06,0.06617818027734756,0.006487295497208834,0.9203481674194336,99.03606414794922,98.9090805053711,167.02026,187.8356,68.587,63.218025,62.872536,0.00021490332437679172,0.9299243092536926,0.0008035070495679975,0.9151761531829834,0.0,0.000832535675726831,0.0,0.0009099656017497182,0.0005715624429285526,0.9141432642936707,0.001246690284460783,0.0017761238850653172,969.953125
2696192,0.11926175653934479,-98.49354553222656,-0.00047310383524745703,0.002704912330955267,0.0014396531041711569,1.3908981600252446e-05,0.06473883241415024,0.004761240445077419,1.162330150604248,98.47562408447266,98.53917694091797,169.96494,190.78836,70.538925,63.95897,63.650146,0.0004403847851790488,0.9336445331573486,0.0007952433079481125,0.9193804264068604,0.0,0.0006881082663312554,0.0,0.0009568426758050919,8.19135966594331e-05,0.9192663431167603,0.0007189352763816714,0.0019683996215462685,972.34375
2824192,0.08310911804437637,-99.0763168334961,0.0003753384808078408,0.0021472456865012646,0.0023310647811740637,0.000402767735067755,0.06566768139600754,0.0064332918263971806,1.0049002170562744,99.06891632080078,99.13108825683594,173.00015,193.7217,72.5518,65.172905,64.07414,0.00016101966321002692,0.932438850402832,0.0008687694207765162,0.9141779541969299,0.0,0.0033746305853128433,0.0,0.0007267375476658344,0.00014506869774777442,0.9152259826660156,0.0008186602499336004,0.002054490614682436,963.7734375
2952192,0.08349443972110748,-99.05520629882812,-0.0004203003481961787,0.0025139893405139446,0.001397541956976056,1.3613640476251021e-05,0.06519915163516998,0.00499759241938591,1.109205961227417,99.28907775878906,99.01532745361328,175.94724,196.73177,73.834984,65.831406,64.431404,8.361434447579086e-05,0.930556058883667,0.0002234835410490632,0.9157167673110962,0.0,0.000899429083801806,0.0,0.0008062602719292045,0.0010589910671114922,0.9156455993652344,0.0011516084196045995,0.0017428502906113863,958.0234375
3080192,0.14124277234077454,-99.03155517578125,0.0012927306815981865,0.0025981192011386156,0.001463406952098012,0.00019502354552969337,0.06660766899585724,0.005328947678208351,0.867548942565918,99.09785461425781,99.0615005493164,178.9885,199.44324,75.49388,67.63934,65.33674,0.0011138918343931437,0.9288188219070435,0.0006211999570950866,0.9140709638595581,0.0,0.0010671979980543256,0.0,0.000846328679472208,0.00042285554809495807,0.9152134656906128,0.0009256822522729635,0.001971581019461155,972.7578125
3208192,0.12794490158557892,-98.93013000488281,0.0003671379236038774,0.002147665247321129,0.0014221402816474438,8.873815204424318e-06,0.06404959410429001,0.0047003719955682755,0.9439862966537476,99.03153991699219,98.91049194335938,181.66711,202.14122,77.11435,68.492966,65.64078,0.0009140843758359551,0.9286624193191528,0.0003986295487266034,0.9153087139129639,0.0,0.0011154734529554844,0.0,0.0007107802666723728,0.0002762778021860868,0.9142853617668152,0.0005919288378208876,0.0018088510259985924,946.84375
3336192,0.06934943050146103,-99.26304626464844,0.00047194110811688006,0.0023258542641997337,0.0014453934272751212,5.034390142100165e-06,0.06487010419368744,0.005018466152250767,0.8962451219558716,99.39006042480469,99.26460266113281,184.28423,204.95149,77.47488,69.666695,66.06917,0.00012168737885076553,0.9288406372070312,0.000201658986043185,0.9127930402755737,0.0,0.0007227779133245349,0.0,0.0007723909802734852,0.0002049822942353785,0.9130328893661499,0.00038386834785342216,0.0012932271929457784,964.671875
3464192,0.04780491814017296,-99.00486755371094,0.00016897282330319285,0.002637271536514163,0.0014328507240861654,9.67900086834561e-06,0.06420326232910156,0.004746598657220602,0.9338704943656921,99.07976531982422,98.94615173339844,186.89915,207.42494,79.53296,70.594955,66.84601,0.0001595443463884294,0.9310890436172485,0.00046100717736408114,0.9140097498893738,0.0,0.0008864693809300661,0.0,0.0008003857219591737,3.675950210890733e-05,0.9157472252845764,0.0004421750199981034,0.002434465801343322,960.9375
3592192,0.1377076506614685,-99.11749267578125,0.0006779053946956992,0.003152443328872323,0.0014098969986662269,8.40786196931731e-06,0.06616434454917908,0.004416260402649641,0.7853411436080933,99.13278198242188,99.22702026367188,189.26439,209.9151,81.359825,71.41038,67.46833,0.00010038398613687605,0.9298531413078308,0.0004709511704277247,0.9145541787147522,0.0,0.0006227875128388405,0.0,0.0008799287024885416,9.998375389841385e-06,0.9145317673683167,0.0004613211494870484,0.0015915229450911283,965.0703125
3720192,0.07560348510742188,-98.648193359375,-0.0007026524981483817,0.002438801806420088,0.0014451463939622045,5.9741587392636575e-06,0.06555771082639694,0.004149880260229111,1.1019973754882812,98.70943450927734,98.66629791259766,191.47627,212.4205,82.97866,72.45734,67.90578,0.00018177104357164353,0.9320473074913025,0.000941609381698072,0.9175723791122437,0.0,0.0007174586644396186,0.0,0.0008386019617319107,5.167305062059313e-05,0.9170812368392944,0.0009744770359247923,0.001529000117443502,976.28125
3848192,0.039639875292778015,-98.88106536865234,-0.001350361155346036,0.0021065545734018087,0.0021332697942852974,0.002199645387008786,0.06958077847957611,0.0064457859843969345,1.1839454174041748,98.99331665039062,98.89879608154297,193.93399,215.0133,84.175095,73.53659,68.76173,0.0019776734989136457,0.9270042181015015,0.0013563652755692601,0.914033055305481,0.0,0.001525897067040205,0.0,0.0006746485596522689,5.9233803767710924e-05,0.9118222594261169,0.0013102570082992315,0.004529732745140791,933.96875
3976192,0.02999771386384964,-99.23420715332031,0.001193520613014698,0.0023404331877827644,0.001454339362680912,8.51068580232095e-06,0.06593843549489975,0.0034346359316259623,0.7875772714614868,99.2744140625,99.22442626953125,196.20279,217.54393,85.54414,74.35161,69.38935,0.0008920922409743071,0.9284659624099731,0.0005231579998508096,0.9121308922767639,0.0,0.001152211450971663,0.0,0.0007474396843463182,0.0011551154311746359,0.912451982498169,0.0014304330106824636,0.0013251800555735826,957.2734375
4104192,0.037098463624715805,-99.5149154663086,-0.0001860382326412946,0.003122517839074135,0.002213836181908846,2.8982512958464213e-06,0.06826145946979523,0.0026528637390583754,1.0096062421798706,99.51238250732422,99.629638671875,198.40092,219.58685,85.82461,75.02801,70.0504,3.232739618397318e-05,0.9215635061264038,0.0003575750452000648,0.9038227796554565,0.0,0.0005157864652574062,0.0,0.0007254083175212145,5.047349986853078e-05,0.9048275947570801,0.0003487309440970421,0.0015168542740866542,958.40625
4232192,0.05027309060096741,-99.50638580322266,-6.873474922031164e-05,0.0023175221867859364,0.0014615135733038187,6.593591933778953e-06,0.0688382238149643,0.0026151719503104687,1.0243057012557983,99.5065689086914,99.55931091308594,200.34637,220.96144,87.94814,75.89199,70.567924,0.0005176092963665724,0.9253016114234924,0.0005392470047809184,0.9100823998451233,0.0,0.00043497607111930847,0.0,0.0005846440326422453,1.7428566934540868e-05,0.9095776081085205,0.0005237477016635239,0.001339336158707738,966.6953125
4360192,0.012014680542051792,-99.83951568603516,-4.7146884753601626e-05,0.002216511871665716,0.0014975502854213119,3.1269071314454777e-06,0.06461954116821289,0.001987804425880313,0.9638550281524658,99.87309265136719,99.85433959960938,202.31252,222.3627,89.01617,77.1743,71.51565,5.4837124480400234e-05,0.9284278154373169,0.0005214682896621525,0.9058953523635864,0.0,0.0006913656834512949,0.0,0.0006380650447681546,0.00011269959213677794,0.9078860878944397,0.0006047259666956961,0.0021715417969971895,971.34375
4488192,0.00823371484875679,-99.71100616455078,0.00016539239732082933,0.0021032451186329126,0.0014606501208618283,3.3192438877449604e-06,0.07003125548362732,0.0017799405613914132,0.8326200842857361,99.7265625,99.75054931640625,204.219,223.89287,90.746315,78.38544,72.45715,0.00016135661280713975,0.9228291511535645,0.0008624530164524913,0.9076065421104431,0.0,0.0006774914218112826,0.0,0.0006145229563117027,4.559679837257136e-06,0.9064890146255493,0.00085872458294034,0.0013699495466426015,949.796875
4616192,0.023956365883350372,-99.53797912597656,-0.00033350932062603533,0.002583104185760021,0.0014768169494345784,3.501744458844769e-06,0.06644544750452042,0.0020566682796925306,1.1418306827545166,99.52767944335938,99.71550750732422,206.07104,225.58133,91.81788,79.14741,73.00414,0.0018784664571285248,0.927639901638031,0.0007302914746105671,0.9099681377410889,0.0,0.0006946191424503922,0.0,0.0006723329424858093,0.00015060233999975026,0.9094920754432678,0.0007408122182823718,0.0011019029188901186,933.1796875
4744192,0.03347904607653618,-99.46348571777344,0.00018871325301006436,0.0033151411917060614,0.0022440170869231224,5.494540801009862e-06,0.0686563029885292,0.0020511006005108356,0.8661636114120483,99.53193664550781,99.47575378417969,207.92725,227.20343,92.285385,79.99862,74.10632,0.00076734070898965,0.9235503077507019,0.0002661032194737345,0.9076533913612366,0.0,0.000776321510784328,0.0,0.0006079382728785276,0.00015725233242847025,0.9073517918586731,0.00035939840017817914,0.0012277382193133235,937.171875
4872192,0.024828948080539703,-99.5858383178711,2.9446964617818594e-06,0.002172250999137759,0.0014585766475647688,7.304238806682406e-06,0.06864003837108612,0.0018107728101313114,1.0256812572479248,99.60964965820312,99.63572692871094,209.41615,229.22104,93.567894,81.23842,74.820404,0.00020692856924142689,0.925462007522583,0.00026180449640378356,0.9088939428329468,0.0,0.0004359836457297206,0.0,0.0007451833225786686,6.466427294071764e-05,0.9092407822608948,0.0003034266992472112,0.001301049953326583,942.3046875
5000192,0.01795177534222603,-99.67352294921875,-0.00012913184764329344,0.0023897304199635983,0.0014590267091989517,5.973097813694039e-06,0.06831646710634232,0.0016611159080639482,1.077664852142334,99.73981475830078,99.68449401855469,211.11533,231.09912,94.0877,82.52857,75.57652,2.983635204145685e-05,0.9258103370666504,0.00010693657532101497,0.9088188409805298,0.0,0.00043649948202073574,0.0,0.0007178910309448838,8.992389484774321e-05,0.9082171320915222,0.0001578439405420795,0.0012472904054448009,973.15625
