Train/Steps,Loss/Loss_critic,Loss/Loss_abstract_critic,Loss/Loss_lax_bisimulation,Loss/Loss_transition,Loss/Loss_reward,Loss/Loss_actor,DHPG/Q_actual_mean,DHPG/Q_abstract_mean,DHPG/Value_equivalence,Norm/actor_model,Norm/critic_model,Norm/abstract_critic_model,Norm/state_encoder_model,Norm/action_encoder_model,Eval/Return
136192,0.0005496802041307092,0.014806915074586868,0.6044031381607056,1.4148106575012207,7.824924250598997e-05,-4.807085990905762,0.27332577109336853,4.569080352783203,4.304068565368652,32.21609,22.786964,21.96052,56.530216,39.296482,1.4722546339035034
264192,0.011898546479642391,0.011341026984155178,0.4762856364250183,1.5302841663360596,3.365855445736088e-05,-5.351893901824951,0.6624189019203186,4.594992637634277,4.1068220138549805,43.999855,36.968155,28.740992,73.12771,44.712936,4.374189376831055
392192,0.043403223156929016,0.010175026953220367,0.5200122594833374,1.6212620735168457,1.1614116374403238e-05,-6.969700813293457,2.3520381450653076,4.323232173919678,2.671034812927246,53.805107,49.315334,36.03318,86.088684,48.86054,2.951383590698242
520192,0.18957030773162842,0.0062043918296694756,0.7822647094726562,1.742231845855713,4.873568468610756e-05,-8.875697135925293,4.742677688598633,3.9419350624084473,1.5427677631378174,60.077785,58.16805,40.074677,96.99626,53.255375,2.1091928482055664
648192,0.5671185255050659,0.000988994026556611,0.6475263833999634,1.7737547159194946,2.022179432970006e-05,-13.547172546386719,9.993958473205566,2.974872589111328,7.036573886871338,65.83254,66.2278,41.76664,106.591255,57.596237,1.6928889751434326
776192,0.8810436725616455,0.0008590384386479855,0.5898394584655762,1.7801058292388916,3.6568591895047575e-05,-19.924938201904297,17.122732162475586,2.422447681427002,14.736324310302734,70.76075,72.87169,42.697285,114.290855,61.831482,4.097195148468018
904192,0.818623960018158,0.0010475129820406437,0.5907372236251831,1.8172247409820557,0.00018622828065417707,-26.7153377532959,24.236331939697266,1.9875712394714355,22.22507667541504,74.99548,77.974365,44.374535,121.16234,65.65618,10.50143051147461
1032192,0.7890878915786743,0.0010436734883114696,0.4962441623210907,1.7896673679351807,6.676321208942682e-05,-33.95628356933594,32.18565368652344,1.709887146949768,30.42232894897461,78.39352,80.75883,46.956985,127.10076,69.26425,3.281101703643799
1160192,0.44513729214668274,0.0006802564603276551,0.13945209980010986,1.973632574081421,0.0002431623579468578,-36.324066162109375,34.25914764404297,1.5079765319824219,32.75878143310547,81.783295,82.78139,48.227814,130.82996,71.73378,1.4403170347213745
1288192,0.385084331035614,0.00046726391883566976,0.5372727513313293,1.9151101112365723,4.184136923868209e-05,-39.000404357910156,37.61737060546875,1.2388854026794434,36.44767761230469,85.476135,85.50801,49.358383,135.49896,73.099396,8.207035064697266
1416192,0.17691421508789062,0.0024690949358046055,0.5133178234100342,1.9657788276672363,0.00011177201668033376,-38.44669723510742,37.25994873046875,1.042177438735962,36.28309631347656,88.60687,87.25825,52.007442,139.64175,75.50555,6.372043609619141
1544192,0.06607487797737122,0.003133459948003292,0.9172213673591614,2.3464345932006836,0.0004908672417514026,-34.75437545776367,33.705650329589844,0.9072811603546143,32.86420822143555,91.53924,88.5212,56.113865,142.77858,78.40147,8.34768295288086
1672192,0.031237369403243065,0.0008052930934354663,0.4131470024585724,1.9025591611862183,0.00021832130732946098,-30.66805648803711,29.7080078125,0.761988639831543,28.986360549926758,94.68838,89.764084,59.600716,145.47266,79.31472,17.445816040039062
1800192,0.02983625791966915,0.011656098999083042,0.43740642070770264,1.9831483364105225,0.0001826175139285624,-26.89946937561035,25.93023109436035,0.9451745748519897,25.0327091217041,97.73071,91.431694,67.914825,149.01462,81.74124,17.602764129638672
1928192,0.026451973244547844,0.0066804783418774605,0.6104727983474731,1.9216386079788208,0.000668266206048429,-24.15308952331543,22.536792755126953,1.5372366905212402,20.96151351928711,100.65436,93.069214,71.87104,151.20091,83.71584,5.367997169494629
2056192,0.020970042794942856,0.007506498135626316,0.55084627866745,2.0249226093292236,0.0008262796909548342,-21.555530548095703,19.568584442138672,1.794656753540039,17.788433074951172,103.159676,95.01283,79.45075,154.20096,85.72693,38.025882720947266
2184192,0.017188427969813347,0.010672559030354023,0.5747280120849609,2.0044875144958496,0.0014891659375280142,-19.573192596435547,17.302982330322266,2.2211050987243652,15.13888931274414,105.54444,97.01507,85.999214,156.14969,87.724464,67.28960418701172
2312192,0.02616479992866516,0.009538089856505394,0.691036581993103,2.433483123779297,0.0014789148699492216,-17.668071746826172,15.334585189819336,2.1338040828704834,13.19113826751709,107.79825,99.0956,91.37523,158.49101,89.87021,72.89351654052734
2440192,0.02225692942738533,0.04501080885529518,0.3888487219810486,2.3773133754730225,0.0018731232266873121,-16.870779037475586,13.929106712341309,2.7420401573181152,11.197921752929688,110.00387,101.23408,92.73047,165.47601,91.33065,67.51763153076172
2568192,0.01632479950785637,0.017883889377117157,0.09635278582572937,2.3305389881134033,0.0028538331389427185,-15.638324737548828,12.688331604003906,2.8383710384368896,9.913936614990234,111.87986,103.31954,93.39152,173.43173,94.06101,71.89019775390625
2696192,0.01597563736140728,0.010263265110552311,0.07928252220153809,2.324141025543213,0.00321588316000998,-14.180116653442383,11.8631591796875,2.29141902923584,9.577123641967773,113.79139,105.38763,93.62843,175.11308,95.30465,77.97390747070312
2824192,0.024274468421936035,0.005594048649072647,0.1752016544342041,2.3244264125823975,0.0037313192151486874,-13.75205135345459,11.291122436523438,2.252919912338257,9.055112838745117,116.22382,107.83631,94.044136,175.57555,95.79315,82.10330200195312
2952192,0.024909695610404015,0.009015657939016819,0.09663791954517365,2.3231730461120605,0.003951799124479294,-13.19679069519043,11.074552536010742,2.076725482940674,9.016690254211426,118.69543,110.33905,94.42315,175.6967,97.01815,95.14354705810547
3080192,0.023498045280575752,0.007426140364259481,0.3281790316104889,2.3459689617156982,0.004310413729399443,-13.165234565734863,10.810344696044922,2.2708072662353516,8.56092357635498,120.820305,112.59804,95.54284,175.83618,97.508194,95.09969329833984
3208192,0.02178921177983284,0.01933148503303528,4.103740215301514,2.544818878173828,0.0048360563814640045,-12.959527969360352,10.495387077331543,2.4744648933410645,7.996936798095703,122.81889,114.67528,98.60917,176.79659,98.70593,90.1339111328125
3336192,0.023159857839345932,0.0033293189480900764,0.7991831302642822,2.3446896076202393,0.0033503402955830097,-12.412561416625977,10.250011444091797,2.010608196258545,8.229353904724121,124.89644,116.88498,98.48588,175.84198,99.73331,99.0298843383789
3464192,0.028231386095285416,0.005536247976124287,0.2918245792388916,2.345350980758667,0.005504248198121786,-12.376859664916992,10.350040435791016,1.995609164237976,8.34814453125,126.971176,119.26313,98.515236,175.53749,99.62118,95.4893798828125
3592192,0.026275763288140297,0.004938649013638496,0.41220706701278687,2.3692052364349365,0.004942356608808041,-12.737117767333984,10.38151741027832,2.3153328895568848,8.086469650268555,128.99869,121.62597,98.49708,175.00166,100.0793,105.80261993408203
3720192,0.022950122132897377,0.00552909541875124,0.31080755591392517,2.3275535106658936,0.005528733134269714,-13.291638374328613,10.541122436523438,2.6239876747131348,7.916067600250244,130.98492,123.87859,98.57922,174.73479,100.74768,106.23184967041016
3848192,0.02064858376979828,0.005178583785891533,0.29084715247154236,2.336786985397339,0.0020250356756150723,-13.59920597076416,10.534261703491211,2.9184420108795166,7.659929275512695,132.85678,126.052956,98.61419,174.27312,101.3255,104.66097259521484
3976192,0.028140895068645477,0.005552545189857483,0.19347339868545532,2.323662281036377,0.005554200150072575,-13.96643352508545,10.56068229675293,3.201972723007202,7.3505401611328125,134.7462,128.24329,98.63713,172.94478,101.82332,117.69266510009766
4104192,0.02082211896777153,0.006535997614264488,0.16253440082073212,2.322862148284912,0.006536644883453846,-14.176553726196289,10.528166770935059,3.477180242538452,7.063472270965576,136.5415,129.8536,98.683556,172.98814,102.648796,117.47866821289062
4232192,0.02845325693488121,0.006496584042906761,0.6251968145370483,2.334014892578125,0.0014884971315041184,-14.412263870239258,10.68918228149414,3.759422540664673,6.914339542388916,138.31123,131.62697,98.73818,173.8529,103.43787,100.24850463867188
4360192,0.03621499985456467,0.007361971773207188,0.5383433103561401,2.3313090801239014,0.0012175771407783031,-15.104562759399414,10.976696968078613,4.056060314178467,6.883505821228027,140.02357,133.39326,98.78402,174.91805,102.73771,122.50479888916016
4488192,0.03088153526186943,0.007342934142798185,0.4379081130027771,2.3342881202697754,0.0018103155307471752,-15.761435508728027,11.254119873046875,4.358249187469482,6.906472206115723,141.79486,135.23665,98.808685,175.31618,101.996826,119.15991973876953
4616192,0.03324525058269501,0.006767508573830128,0.15938471257686615,2.3368337154388428,0.0032966043800115585,-15.991257667541504,11.204864501953125,4.674198150634766,6.521579742431641,143.5274,136.89793,98.87842,175.7508,102.51868,124.542236328125
4744192,0.028805360198020935,0.007231568917632103,0.46389102935791016,1.3713346719741821,0.0010995912598446012,-16.39371109008789,11.30552864074707,5.00293493270874,6.358198642730713,144.97778,138.44283,98.8945,175.89172,103.79411,127.1527328491211
4872192,0.030902177095413208,0.007776565384119749,0.5860217213630676,1.6019814014434814,0.0021016928367316723,-16.969703674316406,11.812292098999023,5.338282108306885,6.447441577911377,146.54828,139.72768,98.91203,176.23758,102.97325,113.71928405761719
5000192,0.028648899868130684,0.00865928828716278,0.616028368473053,1.3571019172668457,0.007147321943193674,-17.623178482055664,11.84014892578125,5.68030309677124,6.173308372497559,148.10628,141.15689,98.93108,176.76283,102.19698,123.2837142944336
