Train/Steps,Loss/Loss_critic,Loss/Loss_actor,Loss/Loss_alpha,Loss/Loss_state_action_metric,Loss/Loss_state_metric,Loss/Act_rep_loss,SAC/Alpha,SAC/LogPi_mean,SAC/Q1_mean,SAC/Q2_mean,Norm/actor_model,Norm/critic_model,Norm/state_action_metric_model,Norm/state_metric_model,Metric/self_state_distance,Metric/cross_state_distance,Metric/self_state_action_distance,Metric/cross_state_action_distance,Metric/avg_self_state_asymmetry,Metric/avg_cross_state_asymmetry,Metric/avg_self_sa_asymmetry,Metric/avg_cross_sa_asymmetry,Eval/Return
136192,1.9187010526657104,-40.648109436035156,0.003654588246718049,0.004891923163086176,0.0031178216449916363,0.1896345019340515,0.06813284009695053,1.0570306777954102,40.28418731689453,40.37415313720703,57.090626,89.99621,30.138363,30.55352,0.002374236937612295,1.041811227798462,0.005066512618213892,1.0516451597213745,0.0,0.009172661229968071,0.0,0.00801064446568489,908.0390625
264192,0.8383945226669312,-72.78170776367188,-0.002593131735920906,0.009691927582025528,0.00374620477668941,0.20956817269325256,0.051796410232782364,0.967924952507019,72.4825668334961,72.50434875488281,71.21347,109.4444,31.119574,31.759132,0.0010344861075282097,1.01011061668396,0.005870714783668518,1.0172792673110962,0.0,0.004036489874124527,0.0,0.008725319057703018,949.0078125
392192,0.5240564942359924,-86.1478042602539,0.0033456915989518166,0.004034789744764566,0.002735320245847106,0.17459821701049805,0.03420094773173332,0.8949708938598633,85.96511840820312,85.8763427734375,82.353455,119.05559,32.64956,34.031986,0.0007199589163064957,0.9834291934967041,0.00106489984318614,0.9799082279205322,0.0,0.0034621814265847206,0.0,0.003293714951723814,971.2734375
520192,0.4278428256511688,-91.29642486572266,0.0031403934117406607,0.005212240386754274,0.0035401522181928158,0.10338945686817169,0.024229824542999268,0.9698125123977661,91.09088134765625,91.41221618652344,91.427795,125.39515,34.95839,37.220825,0.00025621868553571403,0.9738836288452148,0.0007749177748337388,0.9701452255249023,0.0,0.0024646716192364693,0.0,0.002588433213531971,972.1015625
648192,0.2781669497489929,-93.37863159179688,-0.0008394877659156919,0.00486402865499258,0.00219604535959661,0.06682858616113663,0.018841231241822243,1.0118359327316284,93.39960479736328,93.28132629394531,99.15029,130.6615,37.748924,40.209766,0.00037987774703651667,0.9706580638885498,0.0007240730919875205,0.967922031879425,0.0,0.0022089420817792416,0.0,0.0027666979003697634,974.6953125
776192,0.23625677824020386,-92.98756408691406,0.0015996878501027822,0.005582337733358145,0.0021613065619021654,0.056372515857219696,0.017022889107465744,0.9168524742126465,93.01618194580078,92.89317321777344,106.21906,135.19724,40.38194,43.447594,0.0006178602343425155,0.9686727523803711,0.0009157650638371706,0.9627276659011841,0.0,0.004148075357079506,0.0,0.0026886072009801865,969.5234375
904192,0.2847893536090851,-95.71492004394531,9.011448128148913e-06,0.005043710581958294,0.002283296547830105,0.04199909418821335,0.014062520116567612,0.97723388671875,95.67646789550781,95.66718292236328,112.5684,139.59868,43.233795,46.728313,0.0002557218831498176,0.9597473740577698,0.0007664599688723683,0.9497931599617004,0.0,0.002123159123584628,0.0,0.0023814397864043713,969.09375
1032192,0.18345363438129425,-95.53160858154297,0.0005827982095070183,0.0033882169518619776,0.0020852009765803814,0.05155552551150322,0.013770011253654957,1.0417912006378174,95.42001342773438,95.63346862792969,118.43822,143.76079,45.605293,49.726837,0.00031325325835496187,0.9623464345932007,0.00043498605373315513,0.9573936462402344,0.0,0.0020297691226005554,0.0,0.0018085392657667398,964.7265625
1160192,0.18880824744701385,-96.70674133300781,0.0008312321733683348,0.0032087296713143587,0.002345309592783451,0.031634505838155746,0.011641212739050388,1.0252456665039062,96.67469787597656,96.6270751953125,123.493095,147.8474,48.273766,52.61082,0.0004979133955202997,0.9559639692306519,0.000739611336030066,0.9491336941719055,0.0,0.0016130395233631134,0.0,0.0019543315283954144,943.2421875
1288192,0.16611939668655396,-96.38259887695312,-0.0006528423400595784,0.003302070777863264,0.0019534979946911335,0.023803766816854477,0.011229232884943485,1.0350925922393799,96.31936645507812,96.56990051269531,128.39977,151.94836,49.9532,55.932014,0.0004743152530863881,0.9557540416717529,0.00010696647223085165,0.9489065408706665,0.0,0.001887263497337699,0.0,0.0021197665482759476,969.6796875
1416192,0.18593192100524902,-96.00529479980469,-0.002755715511739254,0.003471614792943001,0.0020778896287083626,0.03243167698383331,0.009707340970635414,1.2364842891693115,96.0056381225586,95.96224975585938,133.15675,155.7046,52.90144,57.75268,8.567819168092683e-05,0.9610965251922607,0.0010754684917628765,0.9545384645462036,0.0,0.0016729187918826938,0.0,0.0016414020210504532,936.921875
1544192,0.07632844150066376,-97.63526916503906,0.00048461713595315814,0.0030662950593978167,0.002192799001932144,0.02736091986298561,0.009328378364443779,0.9121685028076172,97.60008239746094,97.56744384765625,137.56027,159.52094,55.185688,61.15364,0.00029364327201619744,0.9475075006484985,0.0008502230048179626,0.9376497268676758,0.0,0.0016435855068266392,0.0,0.001968273427337408,957.75
1672192,0.10289910435676575,-97.06294250488281,-0.0016986033879220486,0.00449267216026783,0.0030952703673392534,0.023337718099355698,0.009295910596847534,1.2641515731811523,97.05838775634766,96.99556732177734,142.00902,163.26837,57.211586,64.05507,0.00021172146080061793,0.9471434354782104,0.0007849684916436672,0.940056562423706,0.0,0.0016382541507482529,0.0,0.001493611023761332,959.53125
1800192,0.2171231061220169,-97.32643127441406,-0.000999112380668521,0.0038125936407595873,0.0022167437709867954,0.028971560299396515,0.007878938689827919,1.1436452865600586,97.31147766113281,97.33882904052734,146.15697,167.02382,59.205044,65.96603,0.00016940434579737484,0.9500786066055298,0.00013260178093332797,0.9389342069625854,0.0,0.0016160672530531883,0.0,0.001542145386338234,968.5
1928192,0.1527920961380005,-96.98585510253906,6.653275340795517e-05,0.004018126521259546,0.002203496405854821,0.01959352195262909,0.007709270343184471,1.050046443939209,96.92443084716797,96.980712890625,150.08388,170.65276,61.515408,68.31786,0.0002078904362861067,0.9456831216812134,0.0005335805471986532,0.9367799162864685,0.0,0.001193452044390142,0.0,0.0015506257768720388,973.5546875
2056192,0.11183784902095795,-98.14078521728516,0.0015421629650518298,0.002758760005235672,0.001993129262700677,0.02269529551267624,0.007181606721132994,0.8057712316513062,98.27241516113281,98.07780456542969,154.17117,174.14003,63.48515,71.15069,7.67732344684191e-05,0.9451395869255066,0.0009746580617502332,0.930925726890564,0.0,0.0018674000166356564,0.0,0.0013151534367352724,975.90625
2184192,0.13783052563667297,-97.64105224609375,-0.0010757239069789648,0.00447199447080493,0.0018023571465164423,0.02142428606748581,0.007200771942734718,1.2582364082336426,97.60472869873047,97.75425720214844,158.02101,177.61884,64.65975,73.740364,0.00016459506878163666,0.9479725360870361,0.0001465815003030002,0.9371713399887085,0.0,0.0012124840868636966,0.0,0.001321539282798767,971.4375
2312192,0.1512196958065033,-98.2336196899414,-0.00069056311622262,0.004298496525734663,0.0020808479748666286,0.01997445710003376,0.006728591397404671,1.0235004425048828,98.19701385498047,98.28942108154297,161.6287,180.92595,67.20843,74.90582,0.00033038630499504507,0.9400972723960876,0.00013315337128005922,0.9264712333679199,0.0,0.0014172540977597237,0.0,0.0015585875371471047,974.171875
2440192,0.15821769833564758,-97.9818344116211,-0.002584850648418069,0.0029350221157073975,0.0021566536743193865,0.020602082833647728,0.0065233903005719185,1.396451711654663,97.97396850585938,98.07670593261719,165.18405,184.1955,69.23417,76.835396,0.00023348619288299233,0.9462689757347107,0.0007575690397061408,0.9360480308532715,0.0,0.0010894907172769308,0.0,0.0014884171541780233,958.3828125
2568192,0.07610364258289337,-98.2431869506836,0.0001833386195357889,0.003187742317095399,0.0025052614510059357,0.022855570539832115,0.005913570057600737,0.9218839406967163,98.28301239013672,98.3173828125,168.81839,187.46025,70.87139,78.60055,0.0002598621940705925,0.9400385618209839,0.0001665636955294758,0.9253167510032654,0.0,0.0011118387337774038,0.0,0.0012886732583865523,969.5
2696192,0.11515285819768906,-97.23062133789062,0.00013977877097204328,0.004557026084512472,0.0033866059966385365,0.026425352320075035,0.006263577379286289,0.9853656888008118,97.19991302490234,97.29244232177734,172.29189,190.50995,73.40739,80.4417,8.137938857544214e-05,0.9403988718986511,0.0035110805183649063,0.9275752305984497,0.0,0.001248798449523747,0.0,0.001667837263084948,966.484375
2824192,0.08823705464601517,-98.61420440673828,0.0016925734234973788,0.00234759459272027,0.0017141629941761494,0.030764367431402206,0.006222270429134369,0.7716689109802246,98.61009216308594,98.61268615722656,175.56905,193.57433,75.11813,82.61156,0.005541155114769936,0.9397249221801758,0.0009323600679636002,0.9237984418869019,0.0,0.0016092173755168915,0.0,0.0015703042736276984,975.2265625
2952192,0.06418819725513458,-98.61253356933594,0.0013992278836667538,0.0026091658510267735,0.0016669301548972726,0.03328016400337219,0.00652495538815856,0.7693345546722412,98.62977600097656,98.58912658691406,178.53868,196.56868,76.69275,84.64942,0.00011045501014450565,0.9369621276855469,0.00016736771794967353,0.9249471426010132,0.0,0.0011242799228057265,0.0,0.0014176724944263697,968.25
3080192,0.05426616966724396,-98.4947280883789,0.00019189095473848283,0.003920509479939938,0.002392226830124855,0.01982387900352478,0.0052199712954461575,1.08097243309021,98.57347869873047,98.51419067382812,181.59149,199.46982,78.41525,86.5706,0.0005871268804185092,0.9341418743133545,0.00032947666477411985,0.9212068319320679,0.0,0.0014953670324757695,0.0,0.0015406528254970908,959.3515625
3208192,0.09553840756416321,-98.41450500488281,-0.0007867867825552821,0.0031018229201436043,0.0024644010700285435,0.020648125559091568,0.00577031122520566,1.1503322124481201,98.4117202758789,98.50584411621094,184.46681,202.53038,80.960205,88.25102,0.00021394205396063626,0.9361262917518616,0.0007352562388405204,0.9222288727760315,0.0,0.0010997825302183628,0.0,0.0012752191396430135,975.6328125
3336192,0.06158473715186119,-98.5740966796875,-0.0002680366160348058,0.0027732320595532656,0.0018449741182848811,0.015422764234244823,0.007007986772805452,1.0118083953857422,98.68408966064453,98.57215881347656,187.20514,205.4748,82.46854,89.47324,0.0010497481562197208,0.9369678497314453,0.0002947762841358781,0.9223599433898926,0.0,0.0015783123672008514,0.0,0.0013504137750715017,969.03125
3464192,0.12288961559534073,-98.14028930664062,-0.0008306779200211167,0.0037125477101653814,0.002146343933418393,0.020156830549240112,0.005011702887713909,1.170689344406128,98.18773651123047,98.07614135742188,189.99443,208.1408,84.29481,91.19079,0.00013366257189773023,0.942520022392273,0.00027731331647373736,0.9298291206359863,0.0,0.0013003810308873653,0.0,0.0016138233477249742,973.53125
3592192,0.04946073144674301,-98.6474838256836,-0.0007527100970037282,0.003079302841797471,0.001631657825782895,0.014797700569033623,0.0057186586782336235,1.0465861558914185,98.67488861083984,98.61446380615234,192.70894,210.8599,85.83678,93.46835,0.00013997088535688818,0.9392104148864746,0.00156856095418334,0.9258188605308533,0.0,0.0011718719033524394,0.0,0.0014154582750052214,969.25
3720192,0.037327177822589874,-98.24690246582031,-0.0012922086752951145,0.002987630432471633,0.0017001911764964461,0.018816623836755753,0.005564423277974129,1.1850870847702026,98.23023223876953,98.28225708007812,195.43001,213.46419,87.62357,94.81569,0.0003742910048458725,0.9421520829200745,0.0006147722015157342,0.9304026961326599,0.0,0.0014655881095677614,0.0,0.0012705440167337656,972.140625
3848192,0.08047007024288177,-98.55653381347656,-0.0005815080949105322,0.0034742432180792093,0.0024627798702567816,0.018824845552444458,0.004928468726575375,1.1083142757415771,98.6343994140625,98.55131530761719,198.19456,216.16335,89.04523,97.2086,0.00011760101187974215,0.9377263784408569,0.0005470938049256802,0.9254564642906189,0.0,0.0011922778794541955,0.0,0.0013582902029156685,921.6953125
3976192,0.04330282658338547,-99.26185607910156,0.0005128155462443829,0.0029845181852579117,0.001961552072316408,0.01876242086291313,0.005108099430799484,0.9984979033470154,99.32247924804688,99.22357177734375,201.0665,218.59607,90.48803,98.74257,0.00031277420930564404,0.9321298599243164,0.0008998210541903973,0.9179919958114624,0.0,0.0008952219504863024,0.0,0.0011727758683264256,953.390625
4104192,0.08696497976779938,-99.32429504394531,0.00022558309137821198,0.00283464090898633,0.0019135627662763,0.012930321507155895,0.0036559083964675665,0.8599538803100586,99.36795043945312,99.36559295654297,203.38202,220.59244,91.730156,100.05444,1.9255134247941896e-05,0.9287856817245483,0.00010431866394355893,0.9129573106765747,0.0,0.0011653376277536154,0.0,0.0010316611733287573,938.90625
4232192,0.05339914932847023,-99.35066223144531,0.0002620744926389307,0.0025269780308008194,0.0019306618487462401,0.015197677537798882,0.0029488480649888515,0.8789335489273071,99.33223724365234,99.47835540771484,206.01341,222.11182,93.614494,102.399055,0.00010725988249760121,0.9288865923881531,0.0007646105950698256,0.914638876914978,0.0,0.000941496342420578,0.0,0.0010255130473524332,936.6171875
4360192,0.019803840667009354,-99.63854217529297,0.00017775915330275893,0.002831541933119297,0.0022590914741158485,0.013873866759240627,0.002838549902662635,0.9108120799064636,99.6334228515625,99.7516098022461,208.42796,223.77275,94.992775,103.556496,0.0006905380869284272,0.9230573177337646,0.003176119877025485,0.9063718318939209,0.0,0.0007097263587638736,0.0,0.0008174381218850613,974.5859375
4488192,0.013176484033465385,-99.68019104003906,0.0006987052038311958,0.0028849777299910784,0.0023040692321956158,0.014816546812653542,0.002913295291364193,0.7415072917938232,99.68257904052734,99.76030731201172,210.60785,225.49947,96.41099,105.30628,7.731461664661765e-05,0.923429012298584,0.0002937848912551999,0.9086974859237671,0.0,0.0006958296289667487,0.0,0.0008766549872234464,940.8203125
4616192,0.03130456805229187,-99.17095947265625,-0.0001354635169263929,0.00284177390858531,0.0015569069655612111,0.014987369067966938,0.002787400037050247,1.1367526054382324,99.18287658691406,99.28712463378906,212.48506,227.46953,97.48956,107.0028,0.00021262792870402336,0.9299491047859192,0.0005493512144312263,0.9165525436401367,0.0,0.001009940868243575,0.0,0.0010585797717794776,961.0703125
4744192,0.017652900889515877,-99.55597686767578,-9.10565722733736e-05,0.0029137067031115294,0.0015294435434043407,0.012701181694865227,0.0022248949389904737,0.9805408716201782,99.5747299194336,99.60260009765625,214.3869,229.4265,98.531876,107.9498,6.761024269508198e-05,0.9289239645004272,0.00014166606706567109,0.913433849811554,0.0,0.0007422043709084392,0.0,0.0010185928549617529,966.84375
4872192,0.034467604011297226,-99.59706115722656,-0.0002689363027457148,0.0020868200808763504,0.001519658719189465,0.013220444321632385,0.0022313077934086323,1.0858654975891113,99.64544677734375,99.63453674316406,216.35266,231.43282,99.901245,109.15628,0.0002009994350373745,0.9290395975112915,0.0002632474934216589,0.9141156673431396,0.0,0.0009195477468892932,0.0,0.0010192467598244548,951.0234375
5000192,0.030976787209510803,-99.55628204345703,-0.0002638683363329619,0.0033625417854636908,0.0019089635461568832,0.012454072013497353,0.0025637815706431866,1.1108593940734863,99.5821533203125,99.58631896972656,218.08047,233.53462,101.718346,110.6005,9.026241605170071e-05,0.9275881052017212,0.000533867278136313,0.9131590127944946,0.0,0.0010228529572486877,0.0,0.0010102350497618318,967.515625
